michael,hao,kiefer,justin,bryant,chester,danny,oliver
Jrue Holiday,De'Aaron Fox,Russell Westbrook,Jordan Clarkson,Mike Conley,Tyler Herro,Lamelo Ball,Kevin Porter Jr.
Bradley Beal,Marcus Smart,Luka Doncic,Jalen Brunson,Zach Lavine,CJ Mccollum,Devin Booker,Devin Vassell
Fred Vanvleet,Jamal Murray,D'Angelo Russell,Shai Gilgeous-Alexander,Jaylen Brown,Cade Cunningham,Donovan Mitchell,Spencer Dinwiddie
Keldon Johnson,Klay Thompson,Harrison Barnes,Demar Derozan,Tobias Harris,Bennedict Mathurin,Kevin Durant,Lauri Markkanen
Anthony Davis,Bol Bol,Kyle Kuzma,Jayson Tatum,Giannis Antetokounmpo,Brandon Ingram,Pascal Siakam,Scottie Barnes
Michael Porter Jr.,Jimmy Butler,Paolo Banchero,Julius Randle,John Collins,Anthony Edwards,Kristaps Porzingis,Zion Williamson
Ivica Zubac,Jarrett Allen,Marcus Morris Sr.,Jonas Valanciunas,Domantas Sabonis,Nikola Jokic,Wendell Carter Jr.,Christian Wood
Jakob Poeltl,Clint Capela,Rudy Gobert,Bam Adebayo,Deandre Ayton,Evan Mobley,P.J. Washington,Karl-Anthony Towns
Tyrese Haliburton,Ja Morant,Al Horford,Dejounte Murray,Damian Lillard,Anfernee Simons,Terry Rozier,Nikola Vucevic
Nic Claxton,Draymond Green,Kyrie Irving,Jusuf Nurkic,Mikal Bridges,Trae Young,Tyrese Maxey,Buddy Hield
Desmond Bane,Monte Morris,Paul George,Gary Trent Jr.,Josh Giddey,Franz Wagner,OG Anunoby,Kyle Lowry
Gordon Hayward,Lebron James,Darius Garland,Bojan Bogdanovic,Andrew Wiggins,Jalen Green,Jerami Grant,Jordan Poole
Stephen Curry,Joel Embiid,Seth Curry,Kawhi Leonard,Alperen Sengun,Steven Adams,Bobby Portis,James Harden
Lonzo Ball,,,Kevin Huerter,,,,
Khris Middleton,,,,,,,
Robert Williams III,,,,,,,
